-- MariaDB dump 10.19  Distrib 10.4.32-MariaDB, for Win64 (AMD64)
--
-- Host: localhost    Database: copago
-- ------------------------------------------------------
-- Server version	10.4.32-MariaDB

/*!40101 SET @OLD_CHARACTER_SET_CLIENT=@@CHARACTER_SET_CLIENT */;
/*!40101 SET @OLD_CHARACTER_SET_RESULTS=@@CHARACTER_SET_RESULTS */;
/*!40101 SET @OLD_COLLATION_CONNECTION=@@COLLATION_CONNECTION */;
/*!40101 SET NAMES utf8mb4 */;
/*!40103 SET @OLD_TIME_ZONE=@@TIME_ZONE */;
/*!40103 SET TIME_ZONE='+00:00' */;
/*!40014 SET @OLD_UNIQUE_CHECKS=@@UNIQUE_CHECKS, UNIQUE_CHECKS=0 */;
/*!40014 SET @OLD_FOREIGN_KEY_CHECKS=@@FOREIGN_KEY_CHECKS, FOREIGN_KEY_CHECKS=0 */;
/*!40101 SET @OLD_SQL_MODE=@@SQL_MODE, SQL_MODE='NO_AUTO_VALUE_ON_ZERO' */;
/*!40111 SET @OLD_SQL_NOTES=@@SQL_NOTES, SQL_NOTES=0 */;

--
-- Table structure for table `coberturas`
--

DROP TABLE IF EXISTS `coberturas`;
/*!40101 SET @saved_cs_client     = @@character_set_client */;
/*!40101 SET character_set_client = utf8 */;
CREATE TABLE `coberturas` (
  `id` int(11) NOT NULL AUTO_INCREMENT,
  `plan_id` int(11) NOT NULL,
  `especialidad_id` int(11) NOT NULL,
  `hospital_id` int(11) NOT NULL,
  `copago` decimal(10,2) NOT NULL,
  `porcentaje_cobertura` int(11) NOT NULL,
  PRIMARY KEY (`id`),
  KEY `plan_id` (`plan_id`),
  KEY `especialidad_id` (`especialidad_id`),
  KEY `hospital_id` (`hospital_id`),
  CONSTRAINT `coberturas_ibfk_1` FOREIGN KEY (`plan_id`) REFERENCES `planes` (`id`),
  CONSTRAINT `coberturas_ibfk_2` FOREIGN KEY (`especialidad_id`) REFERENCES `especialidades` (`id`),
  CONSTRAINT `coberturas_ibfk_3` FOREIGN KEY (`hospital_id`) REFERENCES `hospitales` (`id`)
) ENGINE=InnoDB AUTO_INCREMENT=1150 DEFAULT CHARSET=utf8mb4 COLLATE=utf8mb4_general_ci;
/*!40101 SET character_set_client = @saved_cs_client */;

--
-- Dumping data for table `coberturas`
--

LOCK TABLES `coberturas` WRITE;
/*!40000 ALTER TABLE `coberturas` DISABLE KEYS */;
INSERT INTO `coberturas` VALUES (639,4,1,2,10.50,75),(640,4,2,2,12.00,75),(641,4,3,2,21.00,75),(642,4,4,2,19.50,75),(643,4,5,2,15.00,75),(644,4,6,2,16.50,75),(645,5,1,2,8.40,80),(646,5,2,2,9.60,80),(647,5,3,2,16.80,80),(648,5,4,2,15.60,80),(649,5,5,2,12.00,80),(650,5,6,2,13.20,80),(651,6,1,2,6.30,85),(652,6,2,2,7.20,85),(653,6,3,2,12.60,85),(654,6,4,2,11.70,85),(655,6,5,2,9.00,85),(656,6,6,2,9.90,85),(657,7,1,2,4.20,90),(658,7,2,2,4.80,90),(659,7,3,2,8.40,90),(660,7,4,2,7.80,90),(661,7,5,2,6.00,90),(662,7,6,2,6.60,90),(663,8,1,2,2.10,95),(664,8,2,2,2.40,95),(665,8,3,2,4.20,95),(666,8,4,2,3.90,95),(667,8,5,2,3.00,95),(668,8,6,2,3.30,95),(669,9,1,2,4.20,90),(670,9,2,2,4.80,90),(671,9,3,2,8.40,90),(672,9,4,2,7.80,90),(673,9,5,2,6.00,90),(674,9,6,2,6.60,90),(675,10,1,2,2.10,95),(676,10,2,2,2.40,95),(677,10,3,2,4.20,95),(678,10,4,2,3.90,95),(679,10,5,2,3.00,95),(680,10,6,2,3.30,95),(681,13,1,2,6.30,85),(682,13,2,2,7.20,85),(683,13,3,2,12.60,85),(684,13,4,2,11.70,85),(685,13,5,2,9.00,85),(686,13,6,2,9.90,85),(687,14,1,2,4.20,90),(688,14,2,2,4.80,90),(689,14,3,2,8.40,90),(690,14,4,2,7.80,90),(691,14,5,2,6.00,90),(692,14,6,2,6.60,90),(693,4,1,3,9.63,75),(694,4,2,3,11.00,75),(695,4,3,3,19.25,75),(696,4,4,3,17.88,75),(697,4,5,3,13.75,75),(698,4,6,3,15.13,75),(699,5,1,3,7.70,80),(700,5,2,3,8.80,80),(701,5,3,3,15.40,80),(702,5,4,3,14.30,80),(703,5,5,3,11.00,80),(704,5,6,3,12.10,80),(705,6,1,3,5.78,85),(706,6,2,3,6.60,85),(707,6,3,3,11.55,85),(708,6,4,3,10.73,85),(709,6,5,3,8.25,85),(710,6,6,3,9.08,85),(711,7,1,3,3.85,90),(712,7,2,3,4.40,90),(713,7,3,3,7.70,90),(714,7,4,3,7.15,90),(715,7,5,3,5.50,90),(716,7,6,3,6.05,90),(717,8,1,3,1.93,95),(718,8,2,3,2.20,95),(719,8,3,3,3.85,95),(720,8,4,3,3.58,95),(721,8,5,3,2.75,95),(722,8,6,3,3.03,95),(723,13,1,3,5.78,85),(724,13,2,3,6.60,85),(725,13,3,3,11.55,85),(726,13,4,3,10.73,85),(727,13,5,3,8.25,85),(728,13,6,3,9.08,85),(729,14,1,3,3.85,90),(730,14,2,3,4.40,90),(731,14,3,3,7.70,90),(732,14,4,3,7.15,90),(733,14,5,3,5.50,90),(734,14,6,3,6.05,90),(735,4,1,5,11.38,75),(736,4,2,5,13.00,75),(737,4,3,5,22.75,75),(738,4,4,5,21.13,75),(739,4,5,5,16.25,75),(740,4,6,5,17.88,75),(741,5,1,5,9.10,80),(742,5,2,5,10.40,80),(743,5,3,5,18.20,80),(744,5,4,5,16.90,80),(745,5,5,5,13.00,80),(746,5,6,5,14.30,80),(747,6,1,5,6.83,85),(748,6,2,5,7.80,85),(749,6,3,5,13.65,85),(750,6,4,5,12.68,85),(751,6,5,5,9.75,85),(752,6,6,5,10.73,85),(753,7,1,5,4.55,90),(754,7,2,5,5.20,90),(755,7,3,5,9.10,90),(756,7,4,5,8.45,90),(757,7,5,5,6.50,90),(758,7,6,5,7.15,90),(759,8,1,5,2.28,95),(760,8,2,5,2.60,95),(761,8,3,5,4.55,95),(762,8,4,5,4.23,95),(763,8,5,5,3.25,95),(764,8,6,5,3.58,95),(765,11,1,5,6.83,85),(766,11,2,5,7.80,85),(767,11,3,5,13.65,85),(768,11,4,5,12.68,85),(769,11,5,5,9.75,85),(770,11,6,5,10.73,85),(771,12,1,5,4.55,90),(772,12,2,5,5.20,90),(773,12,3,5,9.10,90),(774,12,4,5,8.45,90),(775,12,5,5,6.50,90),(776,12,6,5,7.15,90),(777,13,1,5,6.83,85),(778,13,2,5,7.80,85),(779,13,3,5,13.65,85),(780,13,4,5,12.68,85),(781,13,5,5,9.75,85),(782,13,6,5,10.73,85),(783,14,1,5,4.55,90),(784,14,2,5,5.20,90),(785,14,3,5,9.10,90),(786,14,4,5,8.45,90),(787,14,5,5,6.50,90),(788,14,6,5,7.15,90),(789,4,1,6,10.06,75),(790,4,2,6,11.50,75),(791,4,3,6,20.13,75),(792,4,4,6,18.69,75),(793,4,5,6,14.38,75),(794,4,6,6,15.81,75),(795,5,1,6,8.05,80),(796,5,2,6,9.20,80),(797,5,3,6,16.10,80),(798,5,4,6,14.95,80),(799,5,5,6,11.50,80),(800,5,6,6,12.65,80),(801,6,1,6,6.04,85),(802,6,2,6,6.90,85),(803,6,3,6,12.08,85),(804,6,4,6,11.21,85),(805,6,5,6,8.63,85),(806,6,6,6,9.49,85),(807,7,1,6,4.03,90),(808,7,2,6,4.60,90),(809,7,3,6,8.05,90),(810,7,4,6,7.48,90),(811,7,5,6,5.75,90),(812,7,6,6,6.33,90),(813,8,1,6,2.01,95),(814,8,2,6,2.30,95),(815,8,3,6,4.03,95),(816,8,4,6,3.74,95),(817,8,5,6,2.88,95),(818,8,6,6,3.16,95),(819,4,1,7,10.94,75),(820,4,2,7,12.50,75),(821,4,3,7,21.88,75),(822,4,4,7,20.31,75),(823,4,5,7,15.63,75),(824,4,6,7,17.19,75),(825,5,1,7,8.75,80),(826,5,2,7,10.00,80),(827,5,3,7,17.50,80),(828,5,4,7,16.25,80),(829,5,5,7,12.50,80),(830,5,6,7,13.75,80),(831,6,1,7,6.56,85),(832,6,2,7,7.50,85),(833,6,3,7,13.13,85),(834,6,4,7,12.19,85),(835,6,5,7,9.38,85),(836,6,6,7,10.31,85),(837,7,1,7,4.38,90),(838,7,2,7,5.00,90),(839,7,3,7,8.75,90),(840,7,4,7,8.13,90),(841,7,5,7,6.25,90),(842,7,6,7,6.88,90),(843,8,1,7,2.19,95),(844,8,2,7,2.50,95),(845,8,3,7,4.38,95),(846,8,4,7,4.06,95),(847,8,5,7,3.13,95),(848,8,6,7,3.44,95),(849,11,1,7,6.56,85),(850,11,2,7,7.50,85),(851,11,3,7,13.13,85),(852,11,4,7,12.19,85),(853,11,5,7,9.38,85),(854,11,6,7,10.31,85),(855,12,1,7,4.38,90),(856,12,2,7,5.00,90),(857,12,3,7,8.75,90),(858,12,4,7,8.13,90),(859,12,5,7,6.25,90),(860,12,6,7,6.88,90),(861,13,1,7,6.56,85),(862,13,2,7,7.50,85),(863,13,3,7,13.13,85),(864,13,4,7,12.19,85),(865,13,5,7,9.38,85),(866,13,6,7,10.31,85),(867,14,1,7,4.38,90),(868,14,2,7,5.00,90),(869,14,3,7,8.75,90),(870,14,4,7,8.13,90),(871,14,5,7,6.25,90),(872,14,6,7,6.88,90),(873,9,1,8,3.85,90),(874,9,2,8,4.40,90),(875,9,3,8,7.70,90),(876,9,4,8,7.15,90),(877,9,5,8,5.50,90),(878,9,6,8,6.05,90),(879,10,1,8,1.93,95),(880,10,2,8,2.20,95),(881,10,3,8,3.85,95),(882,10,4,8,3.58,95),(883,10,5,8,2.75,95),(884,10,6,8,3.03,95),(885,4,1,9,10.06,75),(886,4,2,9,11.50,75),(887,4,3,9,20.13,75),(888,4,4,9,18.69,75),(889,4,5,9,14.38,75),(890,4,6,9,15.81,75),(891,5,1,9,8.05,80),(892,5,2,9,9.20,80),(893,5,3,9,16.10,80),(894,5,4,9,14.95,80),(895,5,5,9,11.50,80),(896,5,6,9,12.65,80),(897,6,1,9,6.04,85),(898,6,2,9,6.90,85),(899,6,3,9,12.08,85),(900,6,4,9,11.21,85),(901,6,5,9,8.63,85),(902,6,6,9,9.49,85),(903,7,1,9,4.03,90),(904,7,2,9,4.60,90),(905,7,3,9,8.05,90),(906,7,4,9,7.48,90),(907,7,5,9,5.75,90),(908,7,6,9,6.33,90),(909,8,1,9,2.01,95),(910,8,2,9,2.30,95),(911,8,3,9,4.03,95),(912,8,4,9,3.74,95),(913,8,5,9,2.88,95),(914,8,6,9,3.16,95),(915,11,1,9,6.04,85),(916,11,2,9,6.90,85),(917,11,3,9,12.08,85),(918,11,4,9,11.21,85),(919,11,5,9,8.63,85),(920,11,6,9,9.49,85),(921,12,1,9,4.03,90),(922,12,2,9,4.60,90),(923,12,3,9,8.05,90),(924,12,4,9,7.48,90),(925,12,5,9,5.75,90),(926,12,6,9,6.33,90),(927,13,1,9,6.04,85),(928,13,2,9,6.90,85),(929,13,3,9,12.08,85),(930,13,4,9,11.21,85),(931,13,5,9,8.63,85),(932,13,6,9,9.49,85),(933,14,1,9,4.03,90),(934,14,2,9,4.60,90),(935,14,3,9,8.05,90),(936,14,4,9,7.48,90),(937,14,5,9,5.75,90),(938,14,6,9,6.33,90),(939,9,1,10,4.20,90),(940,9,2,10,4.80,90),(941,9,3,10,8.40,90),(942,9,4,10,7.80,90),(943,9,5,10,6.00,90),(944,9,6,10,6.60,90),(945,10,1,10,2.10,95),(946,10,2,10,2.40,95),(947,10,3,10,4.20,95),(948,10,4,10,3.90,95),(949,10,5,10,3.00,95),(950,10,6,10,3.30,95),(951,13,1,10,6.30,85),(952,13,2,10,7.20,85),(953,13,3,10,12.60,85),(954,13,4,10,11.70,85),(955,13,5,10,9.00,85),(956,13,6,10,9.90,85),(957,14,1,10,4.20,90),(958,14,2,10,4.80,90),(959,14,3,10,8.40,90),(960,14,4,10,7.80,90),(961,14,5,10,6.00,90),(962,14,6,10,6.60,90),(963,4,1,11,8.75,75),(964,4,2,11,10.00,75),(965,4,3,11,17.50,75),(966,4,4,11,16.25,75),(967,4,5,11,12.50,75),(968,4,6,11,13.75,75),(969,5,1,11,7.00,80),(970,5,2,11,8.00,80),(971,5,3,11,14.00,80),(972,5,4,11,13.00,80),(973,5,5,11,10.00,80),(974,5,6,11,11.00,80),(975,6,1,11,5.25,85),(976,6,2,11,6.00,85),(977,6,3,11,10.50,85),(978,6,4,11,9.75,85),(979,6,5,11,7.50,85),(980,6,6,11,8.25,85),(981,7,1,11,3.50,90),(982,7,2,11,4.00,90),(983,7,3,11,7.00,90),(984,7,4,11,6.50,90),(985,7,5,11,5.00,90),(986,7,6,11,5.50,90),(987,8,1,11,1.75,95),(988,8,2,11,2.00,95),(989,8,3,11,3.50,95),(990,8,4,11,3.25,95),(991,8,5,11,2.50,95),(992,8,6,11,2.75,95),(993,9,1,11,3.50,90),(994,9,2,11,4.00,90),(995,9,3,11,7.00,90),(996,9,4,11,6.50,90),(997,9,5,11,5.00,90),(998,9,6,11,5.50,90),(999,10,1,11,1.75,95),(1000,10,2,11,2.00,95),(1001,10,3,11,3.50,95),(1002,10,4,11,3.25,95),(1003,10,5,11,2.50,95),(1004,10,6,11,2.75,95),(1005,4,1,12,9.63,75),(1006,4,2,12,11.00,75),(1007,4,3,12,19.25,75),(1008,4,4,12,17.88,75),(1009,4,5,12,13.75,75),(1010,4,6,12,15.13,75),(1011,5,1,12,7.70,80),(1012,5,2,12,8.80,80),(1013,5,3,12,15.40,80),(1014,5,4,12,14.30,80),(1015,5,5,12,11.00,80),(1016,5,6,12,12.10,80),(1017,6,1,12,5.78,85),(1018,6,2,12,6.60,85),(1019,6,3,12,11.55,85),(1020,6,4,12,10.73,85),(1021,6,5,12,8.25,85),(1022,6,6,12,9.08,85),(1023,7,1,12,3.85,90),(1024,7,2,12,4.40,90),(1025,7,3,12,7.70,90),(1026,7,4,12,7.15,90),(1027,7,5,12,5.50,90),(1028,7,6,12,6.05,90),(1029,8,1,12,1.93,95),(1030,8,2,12,2.20,95),(1031,8,3,12,3.85,95),(1032,8,4,12,3.58,95),(1033,8,5,12,2.75,95),(1034,8,6,12,3.03,95),(1035,11,1,12,5.78,85),(1036,11,2,12,6.60,85),(1037,11,3,12,11.55,85),(1038,11,4,12,10.73,85),(1039,11,5,12,8.25,85),(1040,11,6,12,9.08,85),(1041,12,1,12,3.85,90),(1042,12,2,12,4.40,90),(1043,12,3,12,7.70,90),(1044,12,4,12,7.15,90),(1045,12,5,12,5.50,90),(1046,12,6,12,6.05,90),(1047,9,1,13,3.68,90),(1048,9,2,13,4.20,90),(1049,9,3,13,7.35,90),(1050,9,4,13,6.83,90),(1051,9,5,13,5.25,90),(1052,9,6,13,5.78,90),(1053,10,1,13,1.84,95),(1054,10,2,13,2.10,95),(1055,10,3,13,3.68,95),(1056,10,4,13,3.41,95),(1057,10,5,13,2.63,95),(1058,10,6,13,2.89,95),(1059,11,1,13,5.51,85),(1060,11,2,13,6.30,85),(1061,11,3,13,11.03,85),(1062,11,4,13,10.24,85),(1063,11,5,13,7.88,85),(1064,11,6,13,8.66,85),(1065,12,1,13,3.68,90),(1066,12,2,13,4.20,90),(1067,12,3,13,7.35,90),(1068,12,4,13,6.83,90),(1069,12,5,13,5.25,90),(1070,12,6,13,5.78,90),(1071,9,1,14,3.50,90),(1072,9,2,14,4.00,90),(1073,9,3,14,7.00,90),(1074,9,4,14,6.50,90),(1075,9,5,14,5.00,90),(1076,9,6,14,5.50,90),(1077,10,1,14,1.75,95),(1078,10,2,14,2.00,95),(1079,10,3,14,3.50,95),(1080,10,4,14,3.25,95),(1081,10,5,14,2.50,95),(1082,10,6,14,2.75,95);
/*!40000 ALTER TABLE `coberturas` ENABLE KEYS */;
UNLOCK TABLES;

--
-- Table structure for table `especialidades`
--

DROP TABLE IF EXISTS `especialidades`;
/*!40101 SET @saved_cs_client     = @@character_set_client */;
/*!40101 SET character_set_client = utf8 */;
CREATE TABLE `especialidades` (
  `id` int(11) NOT NULL AUTO_INCREMENT,
  `nombre` varchar(100) NOT NULL,
  `costo_referencia` decimal(10,2) NOT NULL,
  PRIMARY KEY (`id`)
) ENGINE=InnoDB AUTO_INCREMENT=7 DEFAULT CHARSET=utf8mb4 COLLATE=utf8mb4_general_ci;
/*!40101 SET character_set_client = @saved_cs_client */;

--
-- Dumping data for table `especialidades`
--

LOCK TABLES `especialidades` WRITE;
/*!40000 ALTER TABLE `especialidades` DISABLE KEYS */;
INSERT INTO `especialidades` VALUES (1,'Medicina General',35.00),(2,'Pediatría',40.00),(3,'Cardiología',70.00),(4,'Traumatología',65.00),(5,'Dermatología',50.00),(6,'Ginecología',55.00);
/*!40000 ALTER TABLE `especialidades` ENABLE KEYS */;
UNLOCK TABLES;

--
-- Table structure for table `hospitales`
--

DROP TABLE IF EXISTS `hospitales`;
/*!40101 SET @saved_cs_client     = @@character_set_client */;
/*!40101 SET character_set_client = utf8 */;
CREATE TABLE `hospitales` (
  `id` int(11) NOT NULL AUTO_INCREMENT,
  `nombre` varchar(150) NOT NULL,
  `ciudad` varchar(80) NOT NULL,
  `red` varchar(80) NOT NULL,
  `factor_red` decimal(4,2) NOT NULL,
  PRIMARY KEY (`id`)
) ENGINE=InnoDB AUTO_INCREMENT=15 DEFAULT CHARSET=utf8mb4 COLLATE=utf8mb4_general_ci;
/*!40101 SET character_set_client = @saved_cs_client */;

--
-- Dumping data for table `hospitales`
--

LOCK TABLES `hospitales` WRITE;
/*!40000 ALTER TABLE `hospitales` DISABLE KEYS */;
INSERT INTO `hospitales` VALUES (1,'Hospital Alcívar','Guayaquil','Red Premium',1.30),(2,'Clínica Kennedy','Guayaquil','Red Premium',1.20),(3,'Omni Hospital','Guayaquil','Red Plus',1.10),(4,'Clínica Guayaquil','Guayaquil','Red Básica',1.00),(5,'Hospital Metropolitano','Quito','Red Premium',1.30),(6,'Hospital Vozandes','Quito','Red Plus',1.15),(7,'Hospital de los Valles','Quito','Red Premium',1.25),(8,'Clínica Internacional','Quito','Red Plus',1.10),(9,'Hospital del Río','Cuenca','Red Plus',1.15),(10,'Hospital Monte Sinaí','Cuenca','Red Premium',1.20),(11,'Clínica Santa Inés','Cuenca','Red Básica',1.00),(12,'Hospital Clínica San Francisco','Guayaquil','Red Plus',1.10),(13,'Hospital Clínica Panamericana','Guayaquil','Red Básica',1.05),(14,'Hospital de Especialidades Novaclínica','Quito','Red Básica',1.00);
/*!40000 ALTER TABLE `hospitales` ENABLE KEYS */;
UNLOCK TABLES;

--
-- Table structure for table `planes`
--

DROP TABLE IF EXISTS `planes`;
/*!40101 SET @saved_cs_client     = @@character_set_client */;
/*!40101 SET character_set_client = utf8 */;
CREATE TABLE `planes` (
  `id` int(11) NOT NULL AUTO_INCREMENT,
  `aseguradora` varchar(100) NOT NULL,
  `nombre` varchar(100) NOT NULL,
  `deducible` decimal(10,2) NOT NULL,
  `factor_copago` decimal(4,2) NOT NULL,
  `porcentaje` int(11) NOT NULL,
  PRIMARY KEY (`id`)
) ENGINE=InnoDB AUTO_INCREMENT=15 DEFAULT CHARSET=utf8mb4 COLLATE=utf8mb4_general_ci;
/*!40101 SET character_set_client = @saved_cs_client */;

--
-- Dumping data for table `planes`
--

LOCK TABLES `planes` WRITE;
/*!40000 ALTER TABLE `planes` DISABLE KEYS */;
INSERT INTO `planes` VALUES (4,'Saludsa','Star 15k',600.00,0.25,75),(5,'Saludsa','Star 30k',500.00,0.20,80),(6,'Saludsa','Sky 70k',400.00,0.15,85),(7,'Saludsa','Pro 150k',250.00,0.10,90),(8,'Saludsa','Pro 500k',150.00,0.05,95),(9,'Ecuasanitas','Total Especial 25.000',100.00,0.10,90),(10,'Ecuasanitas','Elegir Plus 100.000 CD',100.00,0.05,95),(11,'Humana','Individual y Familiar',300.00,0.15,85),(12,'Humana','Proteger',200.00,0.10,90),(13,'BMI','Cobertura Nacional',350.00,0.15,85),(14,'BMI','Plan Ideal Internacional',200.00,0.10,90);
/*!40000 ALTER TABLE `planes` ENABLE KEYS */;
UNLOCK TABLES;
/*!40103 SET TIME_ZONE=@OLD_TIME_ZONE */;

/*!40101 SET SQL_MODE=@OLD_SQL_MODE */;
/*!40014 SET FOREIGN_KEY_CHECKS=@OLD_FOREIGN_KEY_CHECKS */;
/*!40014 SET UNIQUE_CHECKS=@OLD_UNIQUE_CHECKS */;
/*!40101 SET CHARACTER_SET_CLIENT=@OLD_CHARACTER_SET_CLIENT */;
/*!40101 SET CHARACTER_SET_RESULTS=@OLD_CHARACTER_SET_RESULTS */;
/*!40101 SET COLLATION_CONNECTION=@OLD_COLLATION_CONNECTION */;
/*!40111 SET SQL_NOTES=@OLD_SQL_NOTES */;

-- Dump completed on 2026-05-21 21:35:57
